k,seed,model,accuracy,macro_F1,EER,train_s
5,0,SVM,0.6594117647058824,0.6590528994582739,0.08440686274509805,1.3423442840576172
5,0,Random Forest,0.6409803921568628,0.6162719734268159,0.07455098039215687,14.636730194091797
5,0,kNN,0.6096078431372549,0.5919190731277828,0.08648725490196078,0.7842068672180176
5,0,Advanced: SSL-pretrained net (ensemble),0.706078431372549,0.6965475311456756,0.05758921568627452,19.285669565200806
5,0,"Ablation: same net, no SSL (ensemble)",0.7002941176470588,0.6919165066032399,0.060352941176470595,19.185261964797974
10,0,SVM,0.7048039215686275,0.7007145985343824,0.07540196078431373,2.2112090587615967
10,0,Random Forest,0.7269607843137255,0.7128618608712729,0.05428725490196078,26.14880657196045
10,0,kNN,0.7012745098039216,0.6916211255809268,0.09944117647058823,0.6188859939575195
10,0,Advanced: SSL-pretrained net (ensemble),0.7523529411764706,0.7477651185464357,0.04867352941176471,21.20035171508789
10,0,"Ablation: same net, no SSL (ensemble)",0.7482352941176471,0.7423624831192394,0.04744313725490196,21.039788246154785
20,0,SVM,0.7461764705882353,0.7481346813928615,0.06591470588235294,4.522659063339233
20,0,Random Forest,0.7699019607843137,0.7645564313937383,0.0448764705882353,45.04420733451843
20,0,kNN,0.7517647058823529,0.747939174937917,0.07414215686274511,0.8011810779571533
20,0,Advanced: SSL-pretrained net (ensemble),0.7937254901960784,0.7907912102219168,0.039231372549019615,24.96024489402771
20,0,"Ablation: same net, no SSL (ensemble)",0.7826470588235294,0.7792063054449162,0.040018627450980414,24.857138633728027
5,1,SVM,0.655,0.6447655816749618,0.09200588235294119,1.3705384731292725
5,1,Random Forest,0.6641176470588235,0.6358921453300813,0.07307156862745097,14.235666751861572
5,1,kNN,0.6504901960784314,0.6357590784503306,0.17825,0.5601866245269775
5,1,Advanced: SSL-pretrained net (ensemble),0.6668627450980392,0.6511176455360796,0.07114117647058824,18.531195163726807
5,1,"Ablation: same net, no SSL (ensemble)",0.682156862745098,0.6671940252654996,0.06572941176470588,18.725229740142822
10,1,SVM,0.6951960784313725,0.6988827047957433,0.07611960784313726,2.4835586547851562
10,1,Random Forest,0.7259803921568627,0.7164918166280614,0.055640196078431375,30.964346885681152
10,1,kNN,0.7109803921568627,0.7051121972024172,0.08596666666666668,0.9214932918548584
10,1,Advanced: SSL-pretrained net (ensemble),0.7502941176470588,0.7476381392435486,0.05155490196078433,20.941908836364746
10,1,"Ablation: same net, no SSL (ensemble)",0.7521568627450981,0.7489356468855332,0.049851960784313726,21.116270303726196
20,1,SVM,0.7572549019607843,0.7528200771369752,0.05907843137254902,6.2919020652771
20,1,Random Forest,0.7743137254901961,0.7658488800428356,0.0429107843137255,49.52532982826233
20,1,kNN,0.7618627450980392,0.7577082466247338,0.049678431372549035,0.8631923198699951
20,1,Advanced: SSL-pretrained net (ensemble),0.783235294117647,0.7784276881155756,0.04159901960784314,24.64858388900757
20,1,"Ablation: same net, no SSL (ensemble)",0.7765686274509804,0.7721737392918439,0.04079019607843138,24.725470304489136
5,2,SVM,0.6619607843137255,0.6511341664819198,0.09005098039215687,1.3219263553619385
5,2,Random Forest,0.6416666666666667,0.61876813309454,0.07786568627450981,16.612820625305176
5,2,kNN,0.6273529411764706,0.6051694075520717,0.12905686274509803,0.6346116065979004
5,2,Advanced: SSL-pretrained net (ensemble),0.6762745098039216,0.6661512502108621,0.06845686274509806,18.932626962661743
5,2,"Ablation: same net, no SSL (ensemble)",0.6729411764705883,0.6645849433953208,0.06849607843137255,19.005438804626465
10,2,SVM,0.7077450980392157,0.7064662072270561,0.07744117647058824,2.272500514984131
10,2,Random Forest,0.7279411764705882,0.7186365931780188,0.05488823529411764,26.03061556816101
10,2,kNN,0.7072549019607843,0.7005926992351266,0.09069999999999999,0.6593894958496094
10,2,Advanced: SSL-pretrained net (ensemble),0.7472549019607844,0.740371543811815,0.047795098039215694,21.24236297607422
10,2,"Ablation: same net, no SSL (ensemble)",0.7378431372549019,0.7324264638673753,0.04878137254901962,21.118626356124878
20,2,SVM,0.7547058823529412,0.748793355749993,0.06540686274509803,4.459904670715332
20,2,Random Forest,0.7706862745098039,0.7599443438078243,0.048369607843137256,45.91245412826538
20,2,kNN,0.7464705882352941,0.7385213308481434,0.05743627450980393,0.8609297275543213
20,2,Advanced: SSL-pretrained net (ensemble),0.788235294117647,0.7810479052878719,0.03804019607843138,24.92802357673645
20,2,"Ablation: same net, no SSL (ensemble)",0.7786274509803922,0.7707497237741705,0.04016372549019609,24.925511121749878
